Ticker,Close,Day Change,Percent Change,Tip,Volume,Last Updated
MMM,148.6199951171875,-0.1,-0.07,Sell,2388300,2025-02-18
AOS,66.22000122070312,0.22,0.33,Buy,1719900,2025-02-18
ABT,130.61000061035156,-1.18,-0.9,Sell,3732500,2025-02-18
ABBV,192.8699951171875,-0.58,-0.3,Sell,3974400,2025-02-18
ACN,388.0,-1.53,-0.39,Sell,2022800,2025-02-18
ADBE,460.1600036621094,0.94,0.2,Sell,2622000,2025-02-18
AMD,113.0999984741211,1.29,1.15,Sell,32411500,2025-02-18
AES,9.930000305175781,-0.21,-2.07,Sell,18455300,2025-02-18
AFL,103.33999633789062,-0.74,-0.71,Sell,1450300,2025-02-18
A,134.6699981689453,-1.78,-1.3,Sell,1358700,2025-02-18
APD,316.1199951171875,0.96,0.3,Buy,1171400,2025-02-18
ABNB,161.4199981689453,20.38,14.45,Buy,21640100,2025-02-18
AKAM,100.01000213623047,0.35,0.35,Sell,1466600,2025-02-18
ALB,81.20999908447266,1.96,2.47,Buy,2744400,2025-02-18
ARE,94.8499984741211,-0.97,-1.01,Sell,684400,2025-02-18
ALGN,206.77000427246094,1.88,0.92,Sell,880600,2025-02-18
ALLE,133.38999938964844,0.24,0.18,Buy,1354600,2025-02-18
LNT,61.33000183105469,0.23,0.38,Sell,2146200,2025-02-18
ALL,187.6300048828125,-5.14,-2.67,Sell,3917900,2025-02-18
GOOGL,185.22999572753906,-0.91,-0.49,Sell,20402300,2025-02-18
GOOG,186.8699951171875,-1.01,-0.54,Sell,12673300,2025-02-18
MO,53.290000915527344,-0.33,-0.62,Buy,4563400,2025-02-18
AMZN,228.67999267578125,-1.69,-0.73,Sell,26973200,2025-02-18
AMCR,10.069999694824219,-0.03,-0.3,Sell,10328400,2025-02-18
AEE,98.06999969482422,-0.2,-0.2,Sell,3561300,2025-02-18
AEP,101.83000183105469,0.84,0.83,Sell,2770900,2025-02-18
AXP,311.0400085449219,3.54,1.15,Buy,1725000,2025-02-18
AIG,74.33999633789062,-2.06,-2.7,Sell,5336400,2025-02-18
AMT,189.3800048828125,-0.61,-0.32,Sell,1776000,2025-02-18
AWK,125.66000366210938,-1.21,-0.95,Sell,1698800,2025-02-18
AMP,545.9299926757812,6.19,1.15,Buy,1097300,2025-02-18
AME,183.5399932861328,-0.89,-0.48,Sell,1041800,2025-02-18
AMGN,291.1600036621094,-5.81,-1.96,Sell,2189300,2025-02-18
APH,68.87999725341797,-0.49,-0.71,Sell,5467200,2025-02-18
ADI,214.61000061035156,5.27,2.52,Buy,3938600,2025-02-18
ANSS,338.92999267578125,-0.24,-0.07,Buy,307400,2025-02-18
AON,386.989990234375,-3.3,-0.85,Sell,740400,2025-02-18
APA,23.139999389648438,0.65,2.89,Buy,7881800,2025-02-18
APO,162.80999755859375,4.89,3.1,Buy,2665800,2025-02-18
AAPL,244.60000610351562,3.07,1.27,Buy,40838100,2025-02-18
AMAT,169.1999969482422,-15.07,-8.18,Sell,12446700,2025-02-18
APTV,67.0,0.59,0.89,Sell,2121500,2025-02-18
ACGL,88.19999694824219,-1.96,-2.17,Sell,1824000,2025-02-18
ADM,46.099998474121094,0.39,0.85,Sell,3382100,2025-02-18
ANET,106.87000274658203,-2.88,-2.62,Sell,12213300,2025-02-18
AJG,321.5,-7.06,-2.15,Sell,2079500,2025-02-18
AIZ,202.9600067138672,-5.06,-2.43,Sell,400400,2025-02-18
T,25.8700008392334,0.24,0.94,Buy,31686200,2025-02-18
ATO,146.50999450683594,-1.47,-0.99,Sell,745600,2025-02-18
ADSK,302.7200012207031,-0.76,-0.25,Sell,924100,2025-02-18
ADP,308.1499938964844,-2.07,-0.67,Sell,1100900,2025-02-18
AZO,3458.550048828125,-11.16,-0.32,Sell,77000,2025-02-18
AVB,218.35000610351562,-1.75,-0.8,Sell,741100,2025-02-18
AVY,181.61000061035156,-1.27,-0.69,Sell,526600,2025-02-18
AXON,683.4099731445312,18.71,2.81,Buy,693500,2025-02-18
BKR,46.400001525878906,0.25,0.54,Sell,4850400,2025-02-18
BALL,49.849998474121094,0.52,1.05,Buy,2816100,2025-02-18
BAC,46.959999084472656,0.63,1.36,Buy,25938000,2025-02-18
BAX,30.81999969482422,0.2,0.65,Buy,3855400,2025-02-18
BDX,224.8000030517578,-0.21,-0.09,Sell,1131500,2025-02-18
BBY,91.0999984741211,1.93,2.16,Buy,2721300,2025-02-18
TECH,65.94000244140625,-0.83,-1.24,Sell,1172600,2025-02-18
BIIB,137.3300018310547,-1.12,-0.81,Sell,1690600,2025-02-18
BLK,973.9199829101562,-6.38,-0.65,Sell,965200,2025-02-18
BX,164.83999633789062,4.36,2.72,Buy,4179200,2025-02-18
BK,87.83999633789062,0.96,1.1,Buy,5104200,2025-02-18
BA,184.4199981689453,-1.02,-0.55,Sell,5037400,2025-02-18
BKNG,5044.39990234375,35.7,0.71,Sell,202500,2025-02-18
BWA,30.219999313354492,0.82,2.79,Buy,2915100,2025-02-18
BSX,106.11000061035156,-0.03,-0.03,Buy,3966400,2025-02-18
BMY,53.900001525878906,-2.07,-3.7,Sell,13220500,2025-02-18
AVGO,233.0399932861328,-2.76,-1.17,Sell,16968700,2025-02-18
BR,240.3300018310547,-2.42,-1.0,Sell,277700,2025-02-18
BRO,110.5999984741211,-0.33,-0.3,Sell,1454000,2025-02-18
BLDR,153.89999389648438,1.4,0.92,Buy,1468600,2025-02-18
BG,70.5,0.71,1.02,Sell,1276700,2025-02-18
BXP,70.87999725341797,-0.38,-0.53,Sell,846800,2025-02-18
CHRW,99.48999786376953,0.87,0.88,Buy,854000,2025-02-18
CDNS,295.19000244140625,-0.97,-0.33,Sell,2104800,2025-02-18
CZR,39.7599983215332,0.89,2.29,Buy,3592900,2025-02-18
CPT,119.06999969482422,-0.09,-0.08,Sell,604300,2025-02-18
CPB,38.599998474121094,-0.01,-0.03,Sell,2270900,2025-02-18
COF,202.16000366210938,4.85,2.46,Buy,2506300,2025-02-18
CAH,126.20999908447266,-0.57,-0.45,Sell,1620300,2025-02-18
KMX,88.9000015258789,1.3,1.48,Buy,1671100,2025-02-18
CCL,26.229999542236328,0.37,1.43,Buy,12156700,2025-02-18
CARR,65.12999725341797,1.46,2.29,Buy,6751200,2025-02-18
CAT,353.32000732421875,-0.38,-0.11,Sell,2043700,2025-02-18
CBOE,202.3300018310547,-5.9,-2.83,Sell,691300,2025-02-18
CBRE,143.72999572753906,0.6,0.42,Buy,2078200,2025-02-18
CDW,189.38999938964844,1.8,0.96,Sell,1734000,2025-02-18
CE,68.05999755859375,2.76,4.23,Buy,3262200,2025-02-18
COR,242.6300048828125,-1.9,-0.78,Sell,1277900,2025-02-18
CNC,56.86000061035156,0.05,0.09,Buy,3447700,2025-02-18
CNP,33.40999984741211,-0.02,-0.06,Sell,5219900,2025-02-18
CF,82.4800033569336,1.02,1.25,Sell,2192100,2025-02-18
CRL,151.99000549316406,-1.18,-0.77,Sell,841100,2025-02-18
SCHW,80.33999633789062,-1.23,-1.51,Sell,9582900,2025-02-18
CHTR,360.2699890136719,-0.5,-0.14,Sell,671800,2025-02-18
CVX,155.33999633789062,-0.54,-0.35,Sell,5827500,2025-02-18
CMG,57.08000183105469,-1.05,-1.81,Sell,8752900,2025-02-18
CB,264.5199890136719,-3.22,-1.2,Sell,1919800,2025-02-18
CHD,105.0,-2.53,-2.35,Sell,1723600,2025-02-18
CI,292.32000732421875,-7.5,-2.5,Sell,1579600,2025-02-18
CINF,136.97000122070312,-0.22,-0.16,Sell,948700,2025-02-18
CTAS,204.22000122070312,-1.77,-0.86,Sell,1062600,2025-02-18
CSCO,64.87000274658203,1.03,1.61,Sell,23689800,2025-02-18
C,84.61000061035156,2.51,3.06,Buy,16023000,2025-02-18
CFG,46.349998474121094,0.3,0.65,Sell,2325600,2025-02-18
CLX,147.9199981689453,-2.85,-1.89,Sell,1318100,2025-02-18
CME,245.47999572753906,-4.63,-1.85,Sell,1444300,2025-02-18
CMS,68.80999755859375,-1.01,-1.45,Sell,2237100,2025-02-18
KO,68.87000274658203,-0.63,-0.91,Sell,20771000,2025-02-18
CTSH,90.69999694824219,1.12,1.25,Buy,4370000,2025-02-18
CL,86.04000091552734,-1.71,-1.95,Sell,4136600,2025-02-18
CMCSA,35.38999938964844,0.01,0.03,Sell,17925600,2025-02-18
CAG,25.280000686645508,0.3,1.2,Buy,6372500,2025-02-18
COP,96.26000213623047,-0.64,-0.66,Sell,7959700,2025-02-18
ED,94.91999816894531,-0.74,-0.77,Sell,1948200,2025-02-18
STZ,162.94000244140625,-0.26,-0.16,Sell,2283900,2025-02-18
CEG,317.29998779296875,5.81,1.87,Buy,2192200,2025-02-18
COO,88.0999984741211,-5.58,-5.96,Sell,3052900,2025-02-18
CPRT,59.38999938964844,-0.44,-0.74,Sell,2392500,2025-02-18
GLW,52.540000915527344,0.43,0.83,Sell,3779800,2025-02-18
CPAY,377.30999755859375,8.9,2.42,Buy,403700,2025-02-18
CTVA,63.959999084472656,1.1,1.75,Buy,3906200,2025-02-18
CSGP,74.05999755859375,0.5,0.68,Sell,3412400,2025-02-18
COST,1071.8499755859375,-5.01,-0.47,Sell,1409600,2025-02-18
CTRA,27.520000457763672,-0.07,-0.25,Sell,4548000,2025-02-18
CRWD,451.739990234375,-2.03,-0.45,Sell,2842500,2025-02-18
CCI,87.95999908447266,-1.91,-2.13,Sell,3411300,2025-02-18
CSX,33.369998931884766,0.27,0.82,Buy,10739900,2025-02-18
CMI,373.7799987792969,4.46,1.21,Buy,802000,2025-02-18
CVS,65.83000183105469,-0.54,-0.81,Sell,10208400,2025-02-18
DHR,206.3000030517578,2.71,1.33,Buy,4791700,2025-02-18
DRI,191.19000244140625,-2.27,-1.17,Sell,1149000,2025-02-18
DVA,157.4199981689453,-19.64,-11.09,Sell,5110800,2025-02-18
DAY,66.41999816894531,-0.26,-0.39,Buy,1344500,2025-02-18
DECK,155.07000732421875,-3.04,-1.92,Sell,2263200,2025-02-18
DE,480.2200012207031,14.0,3.0,Buy,1919300,2025-02-18
DELL,114.37999725341797,4.12,3.74,Buy,16938600,2025-02-18
DAL,65.38999938964844,1.33,2.08,Buy,6046600,2025-02-18
DVN,34.63999938964844,0.42,1.23,Buy,9066300,2025-02-18
DXCM,89.06999969482422,4.98,5.92,Buy,7591700,2025-02-18
FANG,156.99000549316406,0.82,0.53,Sell,3073900,2025-02-18
DLR,164.27999877929688,-0.53,-0.32,Buy,4795100,2025-02-18
DFS,195.97000122070312,5.86,3.08,Buy,1238100,2025-02-18
DG,72.55999755859375,-0.28,-0.38,Sell,2809200,2025-02-18
DLTR,71.55999755859375,-0.45,-0.62,Sell,1515700,2025-02-18
D,55.59000015258789,-1.12,-1.97,Sell,3663700,2025-02-18
DPZ,476.6600036621094,-3.22,-0.67,Sell,507800,2025-02-18
DOV,202.3300018310547,-0.36,-0.18,Buy,571500,2025-02-18
DOW,38.66999816894531,0.33,0.86,Buy,5383900,2025-02-18
DHI,130.57000732421875,1.23,0.95,Buy,2477800,2025-02-18
DTE,129.0399932861328,1.23,0.96,Buy,1891700,2025-02-18
DUK,111.5999984741211,-2.35,-2.06,Sell,3581600,2025-02-18
DD,83.25,-0.8,-0.95,Sell,2916100,2025-02-18
EMN,101.01000213623047,-0.57,-0.56,Sell,829300,2025-02-18
ETN,309.1700134277344,1.36,0.44,Sell,3175100,2025-02-18
EBAY,69.9000015258789,0.64,0.92,Buy,3501500,2025-02-18
ECL,264.739990234375,-0.73,-0.27,Sell,991800,2025-02-18
EIX,50.060001373291016,-1.46,-2.83,Sell,4673400,2025-02-18
EW,76.19000244140625,0.19,0.25,Sell,3899200,2025-02-18
EA,129.39999389648438,-0.42,-0.32,Sell,2319100,2025-02-18
ELV,389.25,-2.35,-0.6,Sell,1202200,2025-02-18
EMR,123.33999633789062,-1.96,-1.56,Sell,2151800,2025-02-18
ENPH,63.939998626708984,1.35,2.16,Buy,2400900,2025-02-18
EOG,129.30999755859375,0.29,0.22,Sell,2220600,2025-02-18
EPAM,266.1199951171875,-1.51,-0.56,Sell,387200,2025-02-18
EQT,53.43000030517578,0.56,1.06,Buy,5552100,2025-02-18
EFX,249.5,-1.37,-0.55,Sell,943600,2025-02-18
EQIX,933.5999755859375,10.6,1.15,Buy,523400,2025-02-18
EQR,71.2300033569336,-0.29,-0.41,Sell,1901200,2025-02-18
ERIE,388.95001220703125,-3.66,-0.93,Sell,82500,2025-02-18
ESS,288.3699951171875,-3.25,-1.11,Sell,441900,2025-02-18
EL,68.69000244140625,-0.98,-1.41,Sell,3716400,2025-02-18
EG,332.69000244140625,-2.72,-0.81,Sell,398900,2025-02-18
EVRG,66.66000366210938,-0.23,-0.34,Sell,1706800,2025-02-18
ES,61.540000915527344,-0.96,-1.54,Sell,3268700,2025-02-18
EXC,42.849998474121094,-0.12,-0.28,Sell,8593000,2025-02-18
EXPE,202.3800048828125,-0.82,-0.4,Sell,1312600,2025-02-18
EXPD,113.6500015258789,0.91,0.81,Buy,1635100,2025-02-18
EXR,154.9199981689453,-1.03,-0.66,Sell,1409700,2025-02-18
XOM,108.23999786376953,0.11,0.1,Sell,15726700,2025-02-18
FFIV,310.17999267578125,-0.27,-0.09,Sell,435700,2025-02-18
FDS,456.0899963378906,-3.3,-0.72,Sell,190400,2025-02-18
FICO,1799.18994140625,-3.6,-0.2,Sell,99600,2025-02-18
FAST,74.77999877929688,-0.01,-0.01,Buy,2549000,2025-02-18
FRT,105.02999877929688,-6.79,-6.07,Sell,1772000,2025-02-18
FDX,267.7699890136719,4.65,1.77,Buy,1265000,2025-02-18
FIS,68.9800033569336,-1.55,-2.2,Sell,6281700,2025-02-18
FITB,44.060001373291016,0.48,1.1,Buy,4676800,2025-02-18
FSLR,159.75999450683594,-0.58,-0.36,Sell,1405000,2025-02-18
FE,40.0,-0.26,-0.65,Sell,3046700,2025-02-18
FI,230.60000610351562,0.73,0.32,Buy,2111000,2025-02-18
FMC,36.619998931884766,-0.09,-0.25,Sell,1718300,2025-02-18
F,9.479999542236328,0.13,1.39,Buy,53545100,2025-02-18
FTNT,111.63999938964844,1.66,1.51,Buy,4976400,2025-02-18
FTV,80.5999984741211,-1.07,-1.31,Sell,2713500,2025-02-18
FOXA,55.630001068115234,0.18,0.32,Sell,3521200,2025-02-18
FOX,52.38999938964844,0.22,0.42,Sell,946000,2025-02-18
BEN,20.530000686645508,0.29,1.43,Buy,4091600,2025-02-18
FCX,39.470001220703125,-0.75,-1.86,Sell,17557200,2025-02-18
GRMN,212.6199951171875,2.39,1.14,Buy,892200,2025-02-18
IT,514.6699829101562,-2.5,-0.48,Sell,353800,2025-02-18
GE,208.27000427246094,-0.09,-0.04,Sell,4267200,2025-02-18
GEHC,92.20999908447266,-1.27,-1.36,Sell,3946400,2025-02-18
GEV,367.5899963378906,-2.72,-0.73,Sell,2238100,2025-02-18
GEN,27.719999313354492,-0.3,-1.07,Sell,2584300,2025-02-18
GNRC,146.85000610351562,0.02,0.01,Sell,1028900,2025-02-18
GD,241.94000244140625,-4.22,-1.71,Sell,2763000,2025-02-18
GIS,58.84000015258789,-0.7,-1.18,Sell,4690300,2025-02-18
GM,48.369998931884766,0.48,1.0,Sell,5623700,2025-02-18
GPC,124.9000015258789,0.22,0.18,Sell,1973800,2025-02-18
GILD,104.08000183105469,-1.88,-1.77,Sell,6399600,2025-02-18
GPN,105.62999725341797,1.5,1.44,Sell,1975800,2025-02-18
GL,121.83999633789062,-1.7,-1.38,Sell,526000,2025-02-18
GDDY,182.19000244140625,-30.35,-14.28,Sell,4395500,2025-02-18
GS,660.5499877929688,11.6,1.79,Buy,2246000,2025-02-18
HAL,26.15999984741211,-0.12,-0.46,Sell,8290900,2025-02-18
HIG,111.9800033569336,-0.3,-0.27,Sell,1848500,2025-02-18
HAS,60.81999969482422,0.57,0.95,Buy,1170100,2025-02-18
HCA,316.2099914550781,-5.71,-1.77,Sell,1450600,2025-02-18
DOC,19.59000015258789,-0.37,-1.85,Sell,4495700,2025-02-18
HSIC,76.0,-1.62,-2.09,Sell,1455200,2025-02-18
HSY,157.8800048828125,-2.93,-1.82,Sell,1449900,2025-02-18
HES,146.5500030517578,0.7,0.48,Buy,1650400,2025-02-18
HPE,21.709999084472656,0.43,2.02,Buy,9804600,2025-02-18
HLT,265.8699951171875,-3.65,-1.35,Sell,1699300,2025-02-18
HOLX,63.2400016784668,-0.38,-0.6,Sell,2320000,2025-02-18
HD,409.5,-2.93,-0.71,Sell,3002000,2025-02-18
HON,202.75,-2.52,-1.23,Sell,5349100,2025-02-18
HRL,28.459999084472656,-0.08,-0.28,Sell,2791100,2025-02-18
HST,16.389999389648438,-0.03,-0.18,Sell,4885000,2025-02-18
HWM,133.4199981689453,5.34,4.17,Buy,4278000,2025-02-18
HPQ,33.63999938964844,0.34,1.02,Buy,4182700,2025-02-18
HUBB,390.1400146484375,-3.09,-0.79,Sell,655544,2025-02-18
HUM,253.8300018310547,0.95,0.38,Sell,2386200,2025-02-18
HBAN,16.729999542236328,0.12,0.72,Buy,15881700,2025-02-18
HII,161.27000427246094,0.45,0.28,Sell,848000,2025-02-18
IBM,261.2799987792969,2.09,0.81,Buy,3922300,2025-02-18
IEX,195.2100067138672,2.18,1.13,Buy,644000,2025-02-18
IDXX,444.5299987792969,-15.23,-3.31,Sell,553800,2025-02-18
ITW,258.1099853515625,-1.98,-0.76,Sell,1013800,2025-02-18
INCY,70.41999816894531,0.41,0.59,Sell,1882100,2025-02-18
IR,85.72000122070312,-6.83,-7.38,Sell,7441900,2025-02-18
PODD,280.55999755859375,-1.56,-0.55,Sell,474700,2025-02-18
INTC,23.600000381469727,-0.53,-2.2,Sell,229710300,2025-02-18
ICE,166.7100067138672,-1.86,-1.1,Sell,1776100,2025-02-18
IFF,85.58000183105469,-0.42,-0.49,Sell,1081600,2025-02-18
IP,56.119998931884766,0.68,1.23,Buy,7666100,2025-02-18
IPG,27.049999237060547,0.09,0.33,Buy,5974600,2025-02-18
INTU,587.3800048828125,3.48,0.6,Sell,1348800,2025-02-18
ISRG,595.5499877929688,4.16,0.7,Buy,1188800,2025-02-18
IVZ,18.5,0.08,0.43,Sell,3145100,2025-02-18
INVH,31.43000030517578,-0.4,-1.26,Sell,2332400,2025-02-18
IQV,193.44000244140625,-2.61,-1.33,Sell,1527600,2025-02-18
IRM,95.41000366210938,0.16,0.17,Sell,2521300,2025-02-18
JBHT,169.97999572753906,4.52,2.73,Buy,860400,2025-02-18
JBL,169.64999389648438,0.98,0.58,Buy,604600,2025-02-18
JKHY,166.47000122070312,-4.0,-2.35,Sell,615100,2025-02-18
J,128.8800048828125,-1.47,-1.13,Sell,830800,2025-02-18
JNJ,156.14999389648438,-1.1,-0.7,Sell,6402300,2025-02-18
JCI,89.7699966430664,1.22,1.38,Buy,2800400,2025-02-18
JPM,276.5899963378906,0.27,0.1,Sell,5685600,2025-02-18
JNPR,36.54999923706055,0.21,0.58,Buy,3142200,2025-02-18
K,82.26000213623047,0.05,0.06,Sell,2982300,2025-02-18
KVUE,21.93000030517578,0.48,2.24,Buy,27015700,2025-02-18
KDP,31.649999618530273,-0.22,-0.69,Sell,9638400,2025-02-18
KEY,17.719999313354492,0.24,1.37,Buy,8283900,2025-02-18
KEYS,183.4600067138672,4.16,2.32,Buy,1337400,2025-02-18
KMB,132.6699981689453,-2.69,-1.99,Sell,1976400,2025-02-18
KIM,21.799999237060547,-0.64,-2.85,Sell,5258400,2025-02-18
KMI,26.549999237060547,-0.01,-0.04,Sell,12563600,2025-02-18
KKR,140.55999755859375,1.26,0.9,Sell,2196700,2025-02-18
KLAC,750.739990234375,-13.54,-1.77,Sell,998500,2025-02-18
KHC,28.920000076293945,-0.33,-1.13,Sell,9271900,2025-02-18
KR,65.12999725341797,-0.5,-0.76,Sell,3856600,2025-02-18
LHX,197.61000061035156,-2.39,-1.19,Sell,1565400,2025-02-18
LH,246.49000549316406,1.62,0.66,Buy,565900,2025-02-18
LRCX,82.75,-0.55,-0.66,Sell,9149000,2025-02-18
LW,58.459999084472656,1.19,2.08,Buy,2019100,2025-02-18
LVS,43.369998931884766,1.16,2.75,Buy,5917200,2025-02-18
LDOS,132.25999450683594,1.61,1.23,Sell,1752300,2025-02-18
LII,622.2000122070312,2.25,0.36,Sell,370000,2025-02-18
LLY,844.27001953125,-27.59,-3.16,Sell,3220300,2025-02-18
LIN,457.0,-4.05,-0.88,Sell,1705500,2025-02-18
LYV,153.75999450683594,1.18,0.77,Buy,1461300,2025-02-18
LKQ,39.11000061035156,0.51,1.32,Buy,1498900,2025-02-18
LMT,423.19000244140625,-11.53,-2.65,Sell,3251600,2025-02-18
L,83.01000213623047,-1.11,-1.32,Sell,736600,2025-02-18
LOW,251.7899932861328,-0.87,-0.34,Sell,1805900,2025-02-18
LULU,366.67999267578125,-24.17,-6.18,Sell,3308900,2025-02-18
LYB,76.69999694824219,0.46,0.6,Buy,1481300,2025-02-18
MTB,198.82000732421875,1.68,0.85,Buy,1197300,2025-02-18
MPC,156.05999755859375,1.97,1.28,Buy,2411800,2025-02-18
MKTX,193.49000549316406,2.07,1.08,Sell,642700,2025-02-18
MAR,283.5199890136719,-4.72,-1.64,Sell,1659900,2025-02-18
MMC,228.8300018310547,-2.27,-0.98,Sell,1691900,2025-02-18
MLM,527.3800048828125,-4.28,-0.81,Sell,687800,2025-02-18
MAS,78.38999938964844,0.77,0.99,Buy,1292900,2025-02-18
MA,564.760009765625,-1.55,-0.27,Sell,1927400,2025-02-18
MTCH,34.689998626708984,0.68,2.0,Buy,4673100,2025-02-18
MKC,76.95999908447266,-0.55,-0.71,Sell,1334100,2025-02-18
MCD,308.54998779296875,-1.47,-0.47,Sell,2673800,2025-02-18
MCK,593.6900024414062,-8.78,-1.46,Sell,499300,2025-02-18
MDT,92.80999755859375,0.61,0.66,Buy,10853600,2025-02-18
MRK,83.01000213623047,-1.41,-1.67,Sell,26769200,2025-02-18
META,736.6699829101562,8.11,1.11,Buy,16884300,2025-02-18
MET,81.69999694824219,-0.64,-0.78,Sell,4290200,2025-02-18
MTD,1271.9100341796875,-25.23,-1.95,Sell,121100,2025-02-18
MGM,39.810001373291016,-0.56,-1.39,Sell,6451500,2025-02-18
MCHP,55.7599983215332,1.5,2.76,Buy,7122900,2025-02-18
MU,99.5199966430664,3.86,4.04,Buy,21268100,2025-02-18
MSFT,408.42999267578125,-2.11,-0.51,Sell,22680000,2025-02-18
MAA,157.0,0.01,0.01,Buy,688400,2025-02-18
MRNA,32.9900016784668,1.07,3.35,Buy,25299600,2025-02-18
MHK,121.01000213623047,1.32,1.1,Buy,779200,2025-02-18
MOH,272.2799987792969,1.61,0.59,Sell,640900,2025-02-18
TAP,60.36000061035156,1.82,3.11,Buy,3271600,2025-02-18
MDLZ,60.81999969482422,-0.34,-0.56,Sell,10040900,2025-02-18
MPWR,684.9299926757812,-15.06,-2.15,Sell,625300,2025-02-18
MNST,49.25,-0.27,-0.55,Sell,6107100,2025-02-18
MCO,522.8400268554688,-4.64,-0.88,Sell,779800,2025-02-18
MS,138.9499969482422,2.11,1.54,Buy,5044500,2025-02-18
MOS,26.510000228881836,0.08,0.3,Sell,3089400,2025-02-18
MSI,438.1400146484375,-27.91,-5.99,Sell,1545100,2025-02-18
MSCI,572.6300048828125,0.33,0.06,Sell,453900,2025-02-18
NDAQ,80.91000366210938,-0.78,-0.95,Sell,2012000,2025-02-18
NTAP,119.05999755859375,1.33,1.13,Sell,1036100,2025-02-18
NFLX,1058.5999755859375,14.91,1.43,Buy,3142700,2025-02-18
NEM,46.540000915527344,-1.21,-2.53,Sell,9888000,2025-02-18
NWSA,30.209999084472656,0.7,2.37,Buy,2641000,2025-02-18
NWS,34.86000061035156,0.56,1.63,Buy,721100,2025-02-18
NEE,68.05999755859375,-0.54,-0.79,Sell,14183700,2025-02-18
NKE,73.04000091552734,-0.17,-0.23,Sell,9240800,2025-02-18
NI,39.68000030517578,0.08,0.2,Sell,5293900,2025-02-18
NDSN,216.4199981689453,-0.86,-0.4,Sell,299600,2025-02-18
NSC,255.99000549316406,-1.23,-0.48,Sell,908800,2025-02-18
NTRS,110.7699966430664,-0.73,-0.65,Sell,1440500,2025-02-18
NOC,438.8999938964844,-16.16,-3.55,Sell,2035300,2025-02-18
NCLH,26.3799991607666,0.05,0.19,Buy,5562200,2025-02-18
NRG,107.5999984741211,1.35,1.27,Buy,1661100,2025-02-18
NUE,137.77000427246094,2.22,1.64,Buy,2108200,2025-02-18
NVDA,138.85000610351562,3.56,2.63,Buy,194892300,2025-02-18
NVR,7365.72021484375,24.24,0.33,Sell,21300,2025-02-18
NXPI,224.13999938964844,4.55,2.07,Buy,3085400,2025-02-18
ORLY,1318.800048828125,-16.88,-1.26,Sell,344600,2025-02-18
OXY,48.060001373291016,0.18,0.38,Sell,10417800,2025-02-18
ODFL,206.33999633789062,-0.05,-0.02,Buy,1274100,2025-02-18
OMC,82.16999816894531,0.23,0.28,Buy,3063800,2025-02-18
ON,51.83000183105469,0.91,1.79,Sell,5963300,2025-02-18
OKE,97.8499984741211,-1.12,-1.13,Sell,2814000,2025-02-18
ORCL,174.16000366210938,0.3,0.17,Sell,7256400,2025-02-18
OTIS,96.73999786376953,-1.28,-1.31,Sell,2267800,2025-02-18
PCAR,105.95999908447266,0.7,0.67,Buy,1849800,2025-02-18
PKG,212.5,0.35,0.16,Buy,806300,2025-02-18
PLTR,119.16000366210938,1.25,1.06,Buy,65397800,2025-02-18
PANW,200.02999877929688,-1.85,-0.92,Sell,13982700,2025-02-18
PARA,11.300000190734863,0.49,4.53,Buy,15194800,2025-02-18
PH,700.25,6.43,0.93,Buy,1034300,2025-02-18
PAYX,147.25,-1.38,-0.93,Sell,1052400,2025-02-18
PAYC,209.22000122070312,-2.76,-1.3,Sell,900200,2025-02-18
PYPL,77.97000122070312,1.38,1.8,Buy,10496500,2025-02-18
PNR,96.7300033569336,-0.46,-0.47,Sell,1161900,2025-02-18
PEP,143.38999938964844,-1.19,-0.82,Sell,5000000,2025-02-18
PFE,25.530000686645508,-0.11,-0.43,Sell,33122400,2025-02-18
PCG,15.289999961853027,-0.56,-3.53,Sell,28222900,2025-02-18
PM,150.4600067138672,1.28,0.86,Buy,4777700,2025-02-18
PSX,128.0399932861328,2.5,1.99,Buy,3285900,2025-02-18
PNW,89.26000213623047,-0.09,-0.1,Sell,1003100,2025-02-18
PNC,193.91000366210938,-1.52,-0.78,Sell,2362000,2025-02-18
POOL,344.2799987792969,3.96,1.16,Buy,325300,2025-02-18
PPG,117.75,-0.17,-0.14,Sell,1677200,2025-02-18
PPL,33.72999954223633,-0.68,-1.98,Sell,7404300,2025-02-18
PFG,85.6500015258789,-1.3,-1.5,Sell,1669800,2025-02-18
PG,162.88999938964844,-8.13,-4.75,Sell,13172700,2025-02-18
PGR,262.6000061035156,0.47,0.18,Sell,2852100,2025-02-18
PLD,120.8499984741211,-0.05,-0.04,Buy,2101300,2025-02-18
PRU,111.55999755859375,-0.35,-0.31,Buy,1276800,2025-02-18
PEG,83.69999694824219,-0.18,-0.21,Sell,1665300,2025-02-18
PTC,171.10000610351562,3.17,1.89,Buy,1445100,2025-02-18
PSA,297.3999938964844,-3.84,-1.27,Sell,398800,2025-02-18
PHM,107.43000030517578,0.73,0.68,Buy,1519300,2025-02-18
PWR,285.45001220703125,-5.41,-1.86,Sell,2091800,2025-02-18
QCOM,172.22999572753906,0.08,0.05,Buy,4686300,2025-02-18
DGX,168.77000427246094,0.05,0.03,Buy,1327100,2025-02-18
RL,282.6300048828125,4.1,1.47,Buy,731000,2025-02-18
RJF,159.83999633789062,-0.55,-0.34,Sell,1699200,2025-02-18
RTX,122.41000366210938,-3.43,-2.73,Sell,7714400,2025-02-18
O,54.4900016784668,-0.43,-0.78,Sell,3720800,2025-02-18
REG,72.33999633789062,-2.66,-3.55,Sell,1270200,2025-02-18
REGN,673.5999755859375,-0.67,-0.1,Sell,623000,2025-02-18
RF,24.31999969482422,0.27,1.12,Buy,8730000,2025-02-18
RSG,231.3699951171875,6.88,3.06,Buy,1506700,2025-02-18
RMD,232.97999572753906,-6.5,-2.71,Sell,1025900,2025-02-18
RVTY,112.26000213623047,-0.62,-0.55,Sell,793500,2025-02-18
ROK,294.3999938964844,-4.26,-1.43,Sell,881900,2025-02-18
ROL,50.72999954223633,-1.19,-2.29,Sell,2819000,2025-02-18
ROP,573.5800170898438,0.15,0.03,Sell,353200,2025-02-18
ROST,138.75999450683594,-1.68,-1.2,Sell,2350600,2025-02-18
RCL,263.0899963378906,3.0,1.15,Buy,1308300,2025-02-18
SPGI,539.6900024414062,-2.63,-0.48,Sell,973300,2025-02-18
CRM,326.5400085449219,-3.31,-1.0,Sell,5875800,2025-02-18
SBAC,205.3699951171875,-2.75,-1.32,Sell,486800,2025-02-18
SLB,41.75,-0.33,-0.78,Sell,12224300,2025-02-18
STX,101.47000122070312,-0.01,-0.01,Sell,2235000,2025-02-18
SRE,84.0999984741211,0.24,0.29,Buy,3603500,2025-02-18
NOW,986.6300048828125,-2.85,-0.29,Sell,1502300,2025-02-18
SHW,356.8599853515625,-4.27,-1.18,Sell,1872000,2025-02-18
SPG,185.0500030517578,-1.17,-0.63,Sell,998000,2025-02-18
SWKS,65.93000030517578,-0.25,-0.38,Sell,2967500,2025-02-18
SJM,102.02999877929688,-3.14,-2.99,Sell,1135400,2025-02-18
SW,53.650001525878906,-1.0,-1.83,Sell,3550500,2025-02-18
SNA,338.9200134277344,-0.81,-0.24,Buy,330500,2025-02-18
SOLV,74.23999786376953,-0.07,-0.09,Buy,1081400,2025-02-18
SO,85.58000183105469,-1.2,-1.38,Sell,4390800,2025-02-18
LUV,30.280000686645508,0.35,1.17,Buy,7017100,2025-02-18
SWK,87.0999984741211,0.29,0.33,Buy,997200,2025-02-18
SBUX,112.55000305175781,-0.45,-0.4,Sell,9108700,2025-02-18
STT,99.16000366210938,0.14,0.14,Buy,1520700,2025-02-18
STLD,135.8300018310547,2.95,2.22,Buy,1608300,2025-02-18
STE,219.33999633789062,0.11,0.05,Sell,322500,2025-02-18
SYK,385.17999267578125,-3.19,-0.82,Sell,1267800,2025-02-18
SMCI,47.90999984741211,5.63,13.32,Buy,132232400,2025-02-18
SYF,65.20999908447266,1.13,1.76,Buy,2063300,2025-02-18
SNPS,522.530029296875,-5.76,-1.09,Sell,943700,2025-02-18
SYY,71.0999984741211,-0.77,-1.07,Sell,2542000,2025-02-18
TMUS,270.82000732421875,5.74,2.17,Buy,4835300,2025-02-18
TROW,107.16999816894531,-0.07,-0.07,Sell,1176000,2025-02-18
TTWO,208.75999450683594,-1.33,-0.63,Sell,1454200,2025-02-18
TPR,87.69999694824219,1.06,1.22,Sell,4819100,2025-02-18
TRGP,205.36000061035156,0.94,0.46,Buy,1181700,2025-02-18
TGT,127.87999725341797,-0.7,-0.54,Sell,4547400,2025-02-18
TEL,152.77000427246094,-0.45,-0.29,Buy,1753700,2025-02-18
TDY,489.7300109863281,-9.55,-1.91,Sell,322000,2025-02-18
TFX,167.42999267578125,-0.18,-0.11,Sell,518300,2025-02-18
TER,113.25,0.41,0.36,Buy,1838000,2025-02-18
TSLA,355.8399963378906,-0.1,-0.03,Sell,68054700,2025-02-18
TXN,183.02999877929688,2.23,1.23,Buy,4136700,2025-02-18
TPL,1372.4000244140625,19.22,1.42,Buy,85800,2025-02-18
TXT,72.27999877929688,-0.82,-1.12,Sell,1582200,2025-02-18
TMO,531.8499755859375,-0.79,-0.15,Sell,1517100,2025-02-18
TJX,124.33999633789062,-1.51,-1.2,Sell,4192900,2025-02-18
TSCO,57.13999938964844,0.15,0.26,Sell,4901300,2025-02-18
TT,363.260009765625,1.98,0.55,Buy,1019600,2025-02-18
TDG,1314.18994140625,-21.77,-1.63,Sell,350700,2025-02-18
TRV,238.3000030517578,-4.71,-1.94,Sell,1348200,2025-02-18
TRMB,74.29000091552734,0.63,0.86,Buy,1229300,2025-02-18
TFC,46.810001373291016,0.35,0.75,Buy,5376200,2025-02-18
TYL,641.7000122070312,-5.04,-0.78,Sell,314100,2025-02-18
TSN,57.099998474121094,-0.47,-0.82,Sell,3151500,2025-02-18
USB,47.75,0.36,0.76,Buy,5398900,2025-02-18
UBER,79.41999816894531,-0.87,-1.08,Sell,15389900,2025-02-18
UDR,42.95000076293945,-0.2,-0.46,Sell,1426400,2025-02-18
ULTA,365.1400146484375,4.7,1.3,Sell,1181100,2025-02-18
UNP,249.22000122070312,-1.75,-0.7,Sell,1696300,2025-02-18
UAL,104.26000213623047,3.37,3.34,Buy,5205600,2025-02-18
UPS,116.22000122070312,0.58,0.5,Buy,5940300,2025-02-18
URI,741.260009765625,11.89,1.63,Sell,416000,2025-02-18
UNH,523.510009765625,-7.67,-1.44,Sell,3703700,2025-02-18
UHS,181.5399932861328,-1.27,-0.69,Sell,392300,2025-02-18
VLO,135.30999755859375,4.32,3.3,Buy,3512800,2025-02-18
VTR,66.52999877929688,1.59,2.45,Buy,4227400,2025-02-18
VLTO,97.98999786376953,-1.76,-1.76,Sell,974500,2025-02-18
VRSN,229.24000549316406,-0.1,-0.04,Sell,730400,2025-02-18
VRSK,293.4800109863281,-2.02,-0.68,Sell,535500,2025-02-18
VZ,40.9900016784668,-0.05,-0.12,Sell,12431000,2025-02-18
VRTX,459.0,-3.58,-0.77,Sell,995000,2025-02-18
VTRS,10.800000190734863,0.0,0.0,Buy,9588000,2025-02-18
VICI,30.3700008392334,-0.06,-0.2,Buy,4791000,2025-02-18
V,353.80999755859375,-1.82,-0.51,Sell,5719100,2025-02-18
VST,167.66000366210938,2.01,1.21,Buy,5707800,2025-02-18
VMC,270.4599914550781,1.13,0.42,Buy,927800,2025-02-18
WRB,60.349998474121094,-1.14,-1.85,Sell,1432700,2025-02-18
GWW,1027.72998046875,-0.1,-0.01,Sell,299200,2025-02-18
WAB,188.19000244140625,-8.29,-4.22,Sell,1949400,2025-02-18
WBA,9.699999809265137,-0.05,-0.51,Sell,12485300,2025-02-18
WMT,104.04000091552734,-1.01,-0.96,Sell,14099800,2025-02-18
DIS,110.37999725341797,0.79,0.72,Buy,5961900,2025-02-18
WBD,10.34000015258789,0.13,1.27,Buy,22461700,2025-02-18
WM,227.72999572753906,0.13,0.06,Buy,1206400,2025-02-18
WAT,369.7300109863281,-9.38,-2.47,Sell,471600,2025-02-18
WEC,102.97000122070312,-0.81,-0.78,Sell,1743200,2025-02-18
WFC,79.9800033569336,1.13,1.43,Buy,17516800,2025-02-18
WELL,149.97000122070312,-1.47,-0.97,Sell,1878600,2025-02-18
WST,214.72999572753906,15.62,7.84,Sell,5020800,2025-02-18
WDC,68.38999938964844,0.83,1.23,Buy,5676600,2025-02-18
WY,29.610000610351562,-0.09,-0.3,Sell,2638800,2025-02-18
WMB,56.97999954223633,-0.48,-0.84,Buy,7440800,2025-02-18
WTW,320.3999938964844,-1.88,-0.58,Sell,561000,2025-02-18
WDAY,258.04998779296875,-2.08,-0.8,Sell,1382000,2025-02-18
WYNN,88.81999969482422,8.35,10.38,Buy,9029900,2025-02-18
XEL,68.61000061035156,0.21,0.31,Buy,4167800,2025-02-18
XYL,129.3800048828125,-1.71,-1.3,Sell,1162500,2025-02-18
YUM,147.91000366210938,-0.84,-0.56,Sell,1970800,2025-02-18
ZBRA,318.3599853515625,-5.06,-1.56,Sell,868900,2025-02-18
ZBH,100.5199966430664,0.61,0.61,Buy,2100000,2025-02-18
ZTS,157.52000427246094,-7.41,-4.49,Sell,7656700,2025-02-18
